{"20":{"mean":0.010829993394773472,"val":20.0},"60":{"mean":0.032374610340301056,"val":60.0},"40":{"mean":0.02155539207859615,"val":40.0},"5":{"mean":0.002807286574509515,"val":5.0},"15":{"mean":0.008162833506983597,"val":15.0},"10":{"mean":0.005501662121496699,"val":10.0},"type":"gretl_bundle"}